{"0.4260707192737112":{"user_id":1},"0.9683552271922933":{"user_id":1},"0.663176041050352":{"user_id":1},"0.03601591103023427":{"user_id":1},"0.9483507245497946":{"user_id":1},"0.2597002260476664":{"user_id":1},"0.9612321704952189":{"user_id":1}}